Title,Rating,Votes,Duration,Genre
Kraven the Hunter,5.5,52K,2h 7m,Action
Gladiator II,6.5,225K,2h 28m,Action
Twisters,6.5,165K,2h 2m,Action
Sonic the Hedgehog 3,6.9,57K,1h 50m,Action
Venom: The Last Dance,6.0,114K,1h 50m,Action
Deadpool & Wolverine,7.6,487K,2h 8m,Action
Pushpa: The Rule - Part 2,6.1,55K,3h 21m,Action
Dune: Part Two,8.5,620K,2h 46m,Action
The Ministry of Ungentlemanly Warfare,6.8,134K,2h 2m,Action
Freaky Tales,7.2,794,1h 46m,Action
The Beekeeper,6.3,155K,1h 45m,Action
Carry-On,6.5,163K,1h 59m,Action
Furiosa: A Mad Max Saga,7.5,283K,2h 28m,Action
Civil War,7.0,235K,1h 49m,Action
Fight or Flight,6.4,5.9K,1h 37m,Action
Solo Leveling: ReAwakening,8.9,11K,2h 1m,Action
Borderlands,4.7,47K,1h 41m,Action
Elevation,5.6,21K,1h 31m,Action
The Fall Guy,6.8,219K,2h 6m,Action
The Count of Monte-Cristo,7.6,33K,2h 58m,Action
Transformers One,7.6,49K,1h 44m,Action
Hellboy: The Crooked Man,4.5,13K,1h 39m,Action
The Lord of the Rings: The War of the Rohirrim,6.3,30K,2h 14m,Action
The Crow,4.7,34K,1h 51m,Action
William Tell,5.7,2.3K,2h 13m,Action
Madame Web,4.0,100K,1h 56m,Action
Rebel Ridge,6.8,87K,2h 11m,Action
Road House,6.2,167K,2h 1m,Action
Bad Boys: Ride or Die,6.5,99K,1h 55m,Action
Kingdom of the Planet of the Apes,6.9,151K,2h 25m,Action
Godzilla x Kong: The New Empire,6.0,121K,1h 55m,Action
Argylle,5.6,92K,2h 19m,Action
Marco,6.9,21K,2h 25m,Action
Damsel,6.1,109K,1h 50m,Action
Red One,6.3,139K,2h 3m,Action
Homestead,5.3,3.5K,1h 52m,Action
Love Lies Bleeding,6.6,56K,1h 44m,Action
The Killer's Game,5.8,17K,1h 44m,Action
Land of Bad,6.6,51K,1h 53m,Action
Monkey Man,6.8,91K,2h 1m,Action
Uglies,4.7,32K,1h 40m,Action
Old Guy,5.2,2.2K,1h 34m,Action
Dirty Angels,4.3,3.3K,1h 44m,Action
Blitz,6.2,16K,2h,Action
The Union,5.4,53K,1h 47m,Action
Kung Fu Panda 4,6.3,67K,1h 34m,Action
Toofan,7.4,7.6K,2h 25m,Action
Thelma,7.0,22K,1h 38m,Action
Arcadian,5.5,23K,1h 32m,Action
Attack on Titan the Movie: The Last Attack,9.2,15K,2h 25m,Action
Gunner,3.2,2.5K,1h 46m,Action
Lift,5.5,49K,1h 47m,Action
Werewolves,4.4,6.4K,1h 33m,Action
The Killer,5.7,13K,2h 6m,Action
Aftermath,5.1,3.8K,1h 37m,Action
Beverly Hills Cop: Axel F,6.4,81K,1h 58m,Action
Maharaja,8.4,66K,2h 21m,Action
Survive,4.6,2.3K,1h 30m,Action
The Instigators,6.2,37K,1h 41m,Action
Twilight of the Warriors: Walled In,7.0,9.3K,2h 6m,Action
Drive-Away Dolls,5.4,23K,1h 24m,Action
Absolution,5.2,7.7K,1h 52m,Action
Apocalypse Z: The Beginning of the End,6.1,20K,1h 57m,Action
Azrael,5.4,10K,1h 26m,Action
Classified,3.6,2.4K,1h 45m,Action
Atlas,5.6,56K,1h 58m,Action
The Prosecutor,6.7,1.7K,1h 57m,Action
Rebel Moon - Part Two: The Scargiver,5.3,59K,2h 2m,Action
Descendants: The Rise of Red,4.7,7K,1h 31m,Action
Kalki 2898 AD,7.0,66K,3h,Action
Long Gone Heroes,5.2,1K,1h 41m,Action
Brothers,5.4,13K,1h 29m,Action
Canary Black,5.3,11K,1h 41m,Action
Under Paris,5.2,36K,1h 44m,Action
Trigger Warning,4.6,19K,1h 46m,Action
Armor,3.6,3.7K,1h 29m,Action
Watchmen: Chapter I,7.0,6.4K,1h 23m,Action
One More Shot,5.4,3.6K,1h 43m,Action
Amaran,8.2,18K,2h 47m,Action
The Shadow Strays,6.5,9.1K,2h 24m,Action
Jackpot!,5.8,30K,1h 46m,Action
Cash Out,4.8,2.9K,1h 32m,Action
Weekend in Taipei,5.7,4.5K,1h 40m,Action
The Silent Hour,6.1,7.3K,1h 39m,Action
Duchess,4.6,1.3K,1h 54m,Action
Watchmen: Chapter II,7.0,2.9K,1h 30m,Action
Red Right Hand,5.5,5.8K,1h 51m,Action
Chief of Station,4.7,4.6K,1h 37m,Action
Fighter,6.2,52K,2h 46m,Action
Boneyard,4.1,5K,1h 36m,Action
Rogue Elements: A Ryan Drake Story,4.7,947,44m,Action
Hitpig,5.1,907,1h 26m,Action
Aavesham,7.8,28K,2h 35m,Action
Karma,8.0,1.4K,2h 47m,Action
Harbin,6.4,564,1h 48m,Action
Baby Invasion,4.6,393,1h 20m,Action
Uprising,6.6,5.4K,2h 6m,Action
No Way Up,4.6,10K,1h 30m,Action
Baby John,5.4,17K,2h 39m,Action
Megamind vs. The Doom Syndicate,2.5,5.5K,1h 23m,Action
Sikandar Ka Muqaddar,6.0,24K,2h 22m,Action
The Fix,4.6,1.2K,1h 38m,Action
River of Blood,5.3,1.7K,1h 26m,Action
Black Heat,8.6,117,1h 33m,Action
Viduthalai Part 2,7.9,16K,2h 50m,Action
The Wages of Fear,4.6,4.1K,1h 44m,Action
Damaged,4.7,7.2K,1h 37m,Action
Devil's Knight,5.4,809,1h 30m,Action
Dominique,5.3,2.2K,1h 40m,Action
The Quiet Ones,6.4,655,1h 50m,Action
Take Cover,5.1,2.4K,1h 30m,Action
Overlord: The Sacred Kingdom,6.9,883,2h 15m,Action
Operation Undead,4.6,393,1h 50m,Action
Devara Part 1,6.0,20K,2h 56m,Action
Role Play,5.5,19K,1h 40m,Action
Justice League: Crisis on Infinite Earths - Part One,6.2,8.4K,1h 33m,Action
Justice League: Crisis on Infinite Earths - Part Three,6.1,4.4K,1h 34m,Action
Trouble,6.2,6.7K,1h 38m,Action
Levels,5.0,1.5K,1h 33m,Action
Prey,3.7,3.3K,1h 26m,Action
Singham Again,4.8,75K,2h 24m,Action
Bangkok Dog,5.0,150,1h 25m,Action
Anaconda,4.8,624,1h 24m,Action
Hagen,6.1,1.2K,2h 19m,Action
The Thundermans Return,5.0,1.8K,1h 10m,Action
Night Call,6.8,1.9K,1h 37m,Action
My Spy: The Eternal City,5.7,11K,1h 52m,Action
Dark Match,5.5,921,1h 34m,Action
The Roundup: Punishment,6.6,5.2K,1h 49m,Action
Hounds of War,4.5,1.7K,1h 35m,Action
Hanu Man,7.7,29K,2h 38m,Action
Rifle Club,7.0,4.1K,1h 53m,Action
Jigra,6.0,23K,2h 33m,Action
Mafia Wars,3.4,233,1h 34m,Action
"I, the Executioner",6.3,1.7K,1h 58m,Action
The Price of Money: A Largo Winch Adventure,5.0,1.1K,1h 40m,Action
Badland Hunters,5.9,12K,1h 47m,Action
Sunray: Fallen Soldier,4.3,622,1h 55m,Action
Ultraman: Rising,6.9,6.3K,1h 57m,Action
The Clean Up Crew,4.1,1.1K,1h 35m,Action
Death Whisperer 2,6.4,1.3K,1h 50m,Action
Bougainvillea,6.4,3.1K,2h 18m,Action
Officer Black Belt,6.8,8.1K,1h 48m,Action
Panda Plan,5.1,1.2K,1h 39m,Action
Code 8: Part II,5.7,16K,1h 40m,Action
Pani,6.9,2.9K,2h 23m,Action
The Courier,6.0,4.4K,1h 41m,Action
Joe Baby,7.3,30,1h 26m,Action
Air Force One Down,4.4,2.9K,1h 24m,Action
Cesium Fallout,6.6,569,2h 16m,Action
11 Rebels,6.2,358,2h 35m,Action
Rats!,6.5,114,1h 25m,Action
A Legend,4.7,885,2h 9m,Action
My Hero Academia: You're Next,7.0,2K,1h 50m,Action
Cloud,6.3,1K,2h 4m,Action
Vanvaas,6.6,1.3K,2h 40m,Action
Kill Em All 2,4.1,1.3K,1h 28m,Action
Dan Da Dan: First Encounter,8.2,2.7K,1h 23m,Action
Article 370,7.8,25K,2h 38m,Action
Darkness of Man,4.8,3.1K,1h 49m,Action
200% Wolf,5.9,1.3K,1h 38m,Action
Latency,4.2,2.4K,1h 34m,Action
Elyas,6.1,1.3K,1h 45m,Action
Operation Blood Hunt,3.4,477,1h 33m,Action
The Tiger's Apprentice,5.7,2.2K,1h 24m,Action
Life After Fighting,6.4,2K,2h 6m,Action
Simarik,6.4,2.5K,1h 51m,Action
Die Hart 2: Die Harter,4.3,5.5K,1h 32m,Action
Raqa,5.7,176,1h 47m,Action
Murder Company,3.7,1.5K,1h 26m,Action
Lights Out,4.9,1.8K,1h 30m,Action
Justice League: Crisis on Infinite Earths - Part Two,5.5,5.3K,1h 34m,Action
Black Creek,8.6,7,1h 56m,Action
City Hunter,6.3,5.6K,1h 42m,Action
Snow White and the Seven Samurai,3.2,286,1h 28m,Action
Hijack 1971,6.8,3.3K,1h 40m,Action
Revolver,5.4,847,1h 54m,Action
One Fast Move,5.0,2.2K,1h 48m,Action
Sixty Minutes,5.7,5.2K,1h 28m,Action
Khadaan,7.2,2.1K,2h 17m,Action
Outlaw,5.2,922,1h 22m,Action
Golden Kamuy,6.3,2.6K,2h 7m,Action
Agent Recon,2.4,669,1h 25m,Action
Freedom,5.9,1.4K,1h 50m,Action
Agni,7.3,15K,2h 2m,Action
Alien Country,4.4,361,1h 36m,Action
Utopia,3.6,357,1h 31m,Action
Angels Fallen: Warriors of Peace,4.9,5.8K,1h 43m,Action
How to Rob a Bank,6.6,4.2K,1h 28m,Action
Arena Wars,4.9,2.1K,1h 36m,Action
The Twisters,2.6,327,1h 26m,Action
The Last Kumite,4.6,2.3K,1h 45m,Action
Wynonna Earp: Vengeance,5.5,1.5K,1h 36m,Action
Jacob Tyler,4.3,56,2h 13m,Action
Hellhound,4.3,502,1h 43m,Action
Handsome Guys,6.5,802,1h 41m,Action
Zero,6.1,41,1h 28m,Action
Fight Another Day,4.9,345,1h 37m,Action
Wanted Man,4.8,2.6K,1h 25m,Action
Paradox Effect,6.0,8.6K,1h 27m,Action
Mufasa: The Lion King,6.6,58K,1h 58m,Animation
Moana 2,6.6,98K,1h 40m,Animation
Flow,7.9,70K,1h 25m,Animation
The Wild Robot,8.2,158K,1h 42m,Animation
The Day the Earth Blew Up: A Looney Tunes Movie,7.0,3.7K,1h 31m,Animation
Solo Leveling: ReAwakening,8.9,11K,2h 1m,Animation
Despicable Me 4,6.2,64K,1h 34m,Animation
Transformers One,7.6,49K,1h 44m,Animation
The Lord of the Rings: The War of the Rohirrim,6.3,30K,2h 14m,Animation
Inside Out 2,7.5,215K,1h 36m,Animation
IF,6.4,58K,1h 44m,Animation
Memoir of a Snail,7.8,16K,1h 35m,Animation
Kung Fu Panda 4,6.3,67K,1h 34m,Animation
Spermageddon,5.8,755,1h 20m,Animation
Attack on Titan the Movie: The Last Attack,9.2,15K,2h 25m,Animation
The Garfield Movie,5.7,24K,1h 41m,Animation
Spellbound,5.6,7.2K,1h 49m,Animation
Harold and the Purple Crayon,5.7,8.2K,1h 30m,Animation
Wallace & Gromit: Vengeance Most Fowl,7.5,34K,1h 22m,Animation
Night of the Zoopocalypse,6.2,505,1h 31m,Animation
Watchmen: Chapter I,7.0,6.4K,1h 23m,Animation
Look Back,7.8,14K,58m,Animation
Piece by Piece,6.9,5.3K,1h 33m,Animation
Watchmen: Chapter II,7.0,2.9K,1h 30m,Animation
The Remarkable Life of Ibelin,8.2,12K,1h 43m,Animation
Hitpig,5.1,907,1h 26m,Animation
Thelma the Unicorn,5.7,2.9K,1h 33m,Animation
Megamind vs. The Doom Syndicate,2.5,5.5K,1h 23m,Animation
Orion and the Dark,6.3,17K,1h 33m,Animation
Dongeng Sang Kancil,6.8,154,1h 39m,Animation
The Most Precious of Cargoes,7.1,853,1h 21m,Animation
The Glassworker,7.4,1.7K,1h 38m,Animation
Overlord: The Sacred Kingdom,6.9,884,2h 15m,Animation
Justice League: Crisis on Infinite Earths - Part One,6.2,8.4K,1h 33m,Animation
Justice League: Crisis on Infinite Earths - Part Three,6.1,4.4K,1h 34m,Animation
Grand Theft Hamlet,6.9,1.8K,1h 29m,Animation
The Colors Within,7.1,920,1h 41m,Animation
Buffalo Kids,6.6,667,1h 33m,Animation
Saving Bikini Bottom: The Sandy Cheeks Movie,3.7,3.8K,1h 22m,Animation
Ultraman: Rising,6.9,6.3K,1h 57m,Animation
My Hero Academia: You're Next,7.0,2K,1h 50m,Animation
That Christmas,6.8,17K,1h 31m,Animation
Dan Da Dan: First Encounter,8.2,2.7K,1h 23m,Animation
200% Wolf,5.9,1.3K,1h 38m,Animation
Limonov: The Ballad of Eddie,6.0,772,2h 18m,Animation
Woody Woodpecker Goes to Camp,4.5,2.5K,1h 40m,Animation
The Tiger's Apprentice,5.7,2.2K,1h 24m,Animation
Justice League: Crisis on Infinite Earths - Part Two,5.5,5.3K,1h 34m,Animation
White Snake: Afloat,6.9,462,2h 13m,Animation
Mononoke the Movie: The Phantom in the Rain,6.8,1.2K,1h 29m,Animation
Doraemon the Movie: Nobita's Earth Symphony,6.6,1.5K,1h 55m,Animation
Dragonkeeper,5.7,1.6K,1h 38m,Animation
Savages,6.8,322,1h 27m,Animation
Re: Zero - Starting Life in Another World- Season 3 Episode 1 90-minute Special 'Theatrical Malice',8.7,1.1K,1h 30m,Animation
Crayon Shin-chan: Ora's Dinosaur Diary,6.4,334,1h 46m,Animation
Mars,8.9,21,1h 24m,Animation
Given 3: To the Sea,8.8,35,1h 20m,Animation
Haikyu!! The Dumpster Battle,7.7,6.1K,1h 25m,Animation
Demon Slayer: Kimetsu No Yaiba - To the Hashira Training,7.1,8.4K,1h 44m,Animation
Frida,7.5,1.5K,1h 27m,Animation
The Night Before Christmas in Wonderland,6.3,511,1h 20m,Animation
Johnny Puff: Secret Mission,4.8,443,1h 27m,Animation
No Time to Spy: A Loud House Movie,6.4,443,1h 21m,Animation
Movie Given Hiiragi Mix.,7.4,157,1h 10m,Animation
A Sloth Story,5.6,203,1h 30m,Animation
Lesbian Space Princess,7.5,110,1h 27m,Animation
Diplodocus,6.3,171,1h 30m,Animation
Blue Lock: Episode Nagi,6.6,2.5K,1h 31m,Animation
10 Lives,5.9,1.9K,1h 28m,Animation
My Oni Girl,6.0,1.7K,1h 52m,Animation
The Lost Tiger,7.8,44,1h 30m,Animation
From Ground Zero,8.0,522,1h 52m,Animation
Noah's Ark,4.3,641,1h 36m,Animation
Ryan's World the Movie: Titan Universe Adventure,1.8,681,1h 20m,Animation
Gracie and Pedro: Pets to the Rescue,5.1,265,1h 27m,Animation
Exorcism Chronicles: The Beginning,7.2,96,1h 25m,Animation
Super-Charlie,5.8,112,1h 20m,Animation
Rebellious,6.0,186,1h 34m,Animation
,,,,Animation
Dalia y el Libro Rojo,6.4,78,1h 47m,Animation
Boys Go to Jupiter,6.8,94,1h 30m,Animation
Ghost Cat Anzu,6.5,752,1h 37m,Animation
Detective Conan: The Million-Dollar Pentagram,6.7,1.4K,1h 51m,Animation
I Am What I Am 2,7.5,199,2h 14m,Animation
Jon Vardar protiv Galaksijata,8.4,68,1h 26m,Animation
My Freaky Family,6.3,398,1h 26m,Animation
Storm Crashers,6.2,558,1h 28m,Animation
Baki Hanma VS Kengan Ashura,5.7,1.9K,1h 2m,Animation
The Casagrandes Movie,5.6,663,1h 29m,Animation
,,,,Animation
Heartsping : Teenieping of Love,7.0,23,TV-Y,Animation
"Robotia, the Movie",7.6,26,1h 26m,Animation
,,,,Animation
Mobile Suit Gundam SEED Freedom,6.6,944,2h 4m,Animation
The Proud Princess,7.1,108,1h 24m,Animation
Bocchi the Rock! Re:,7.6,155,1h 30m,Animation
Sabbath Queen,8.0,62,1h 45m,Animation
Mustafa,6.9,72,1h 15m,Animation
Trapezium,6.4,145,1h 42m,Animation
Kvitebjørn,5.8,56,1h 25m,Animation
Niko: Beyond the Northern Lights,6.2,325,1h 26m,Animation
SuperKlaus,4.3,201,1h 28m,Animation
Sanatorium Under the Sign of the Hourglass,5.3,107,1h 15m,Animation
The Quintessential Quintuplets Specials 2,7.0,121,46m,Animation
Shrek 5: The Contract - A Fan Made Film,7.0,19,1h 24m,Animation
Fox & Hare Save the Forest,5.9,198,1h 11m,Animation
(S)KiDS,9.8,72,1h 25m,Animation
Dead Dead Demon's Dededede Destruction,7.0,143,2h,Animation
Kizumonogatari: Koyomi Vamp,7.0,87,2h 24m,Animation
Big City Greens the Movie: Spacecation,6.2,538,1h 23m,Animation
Si Juki the Movie: Harta Pulau Monyet,6.0,115,1h 47m,Animation
"Maya, donne-moi un titre",6.4,50,1h 1m,Animation
Little Emma,5.7,108,1h 46m,Animation
Slocum et moi,7.4,72,1h 15m,Animation
Panda Bear in Africa,5.5,320,1h 24m,Animation
Elli and the Ghostly Ghost Train,5.0,95,1h 26m,Animation
Uma Musume: Pretty Derby - Beginning of a New Era,7.3,116,1h 48m,Animation
,,,,Animation
,,,,Animation
Nintama Rantaro Dokutake Ninja-tai Saikyou no Gunshi,7.1,17,1h 30m,Animation
Boonie Bears: Time Twist,6.0,164,1h 45m,Animation
The Worlds Divide,8.0,38,2h,Animation
,,,,Animation
,,,,Animation
Rock Bottom,7.0,41,1h 26m,Animation
Bocchi the Rock! Re: Re:,8.0,97,1h 17m,Animation
Dragon Ball Z Kai,8.4,68,1h 22m,Animation
Captain Avispa,5.8,173,1h 36m,Animation
Luntik. Vozvrashchenie domoy,6.4,74,TV-Y,Animation
Mariposas Negras,7.1,49,1h 23m,Animation
PAPmusic - Animation for Fashion,1.0,134,1h 25m,Animation
Transformers Prime: Galavatron's Revenge,3.4,8,1h 44m,Animation
Living Large,7.7,109,1h 20m,Animation
Fureru,6.0,25,1h 47m,Animation
Masha i Medved v kino: Park chudes,7.6,17,58m,Animation
Fuuto PI: Portrait of Kamen Rider Skull,7.4,38,1h 22m,Animation
Steal the Naughty List,6.5,117,1h 30m,Animation
"Die Heinzels: Neue Mützen, Neue Mission",6.4,83,1h 16m,Animation
Schirkoa: In Lies We Trust,5.6,158,1h 43m,Animation
Tay 2: Ebabil Takimi,5.3,37,1h 18m,Animation
Yumi's Cells: The Movie,6.2,49,1h 33m,Animation
The Storm,6.0,139,1h 42m,Animation
Olivia & the Clouds,7.3,47,1h 21m,Animation
Peppa's Cinema Party,5.1,153,1h 5m,Animation
Il segreto di Liberato,7.3,217,1h 30m,Animation
Woolina and the No Birds,8.6,42,1h 20m,Animation
Rafadan Tayfa: Kapadokya,6.7,118,1h 24m,Animation
Tri kota. Zimnie kanikuly,6.5,29,1h 5m,Animation
Nie Xiaoqian,6.4,16,1h 52m,Animation
The Big Trip 3: Race Around the World,5.7,55,1h 25m,Animation
Angelo dans la forêt mystérieuse,6.0,120,1h 21m,Animation
Nature Cat's Nature Movie Special Extraordinaire,7.3,18,53m,Animation
Quo Vadis,6.6,332,1h 30m,Animation
,,,,Animation
,,,,Animation
A Few Moments of Cheers,7.4,31,1h 8m,Animation
Pui Pui Molcar the Movie: Molmax,7.0,9,1h 9m,Animation
Benjamin Bat,8.1,28,1h 15m,Animation
Le parfum d'Irak,8.1,41,1h 35m,Animation
,,,,Animation
Double Tuckerr,5.0,1.2K,2h,Animation
Hola Frida,7.2,27,1h 22m,Animation
Askepote,3.5,80,1h 12m,Animation
TWST: Things We Said Today,7.0,44,1h 26m,Animation
,,,,Animation
Nothing Unusual,9.7,12,1h 32m,Animation
Wonderful Precure! The Movie! Doki Doki Game no Sekai de Daiboken,6.8,32,1h 11m,Animation
Out of the Nest,6.5,108,1h 24m,Animation
Zak & Wowo: The Legend of Lendarys,5.7,95,1h 25m,Animation
,,,,Animation
Meitantei Conan Bâsasu Kaitô Kiddo,6.1,159,1h 21m,Animation
,,,,Animation
Dikkie Dik 2: Een Nieuwe Vriend voor Dikkie Dik,7.4,72,1h 10m,Animation
Norbert,6.6,11,1h 15m,Animation
Abá e Sua Banda,7.9,7,1h 24m,Animation
,,,,Animation
Kuramerukagari,5.8,80,1h 1m,Animation
"Silex and the City, le film",4.9,50,1h 17m,Animation
Into the Mortal World,6.8,147,1h 58m,Animation
,,,,Animation
Dikkie Dik en de Verdwenen Knuffel,7.2,129,1h 2m,Animation
,,,,Animation
,,,,Animation
Transformers: 40th Anniversary Event,7.2,28,1h 36m,Animation
Appu,8.6,181,1h 32m,Animation
Riki Rhino: The Bird Kingdom,4.8,23,1h 49m,Animation
Motu Patlu & The Race to the Diamond Valley,7.8,27,1h 12m,Animation
Tri bogatyrya. Ni dnya bez podviga,5.7,64,1h 1m,Animation
The Greatest Surf Movie in the Universe,5.4,8,1h 21m,Animation
Code Geass: Rozé of the Recapture - Part 1,7.7,41,1h 14m,Animation
,,,,Animation
Rocket Club: Across the Cosmos,8.4,19,1h 8m,Animation
Mobile Suit Gundam: Silver Phantom,6.1,13,1h 30m,Animation
Hello My Beautiful Creatures,6.8,170,2h 22m,Animation
Uma & Haggen: Mitos,7.5,46,1h 34m,Animation
Dead Dead Demon's Dededede Destruction Zenpen,7.1,138,2h,Animation
,,,,Animation
Gujeyeog-eseo sal-a dol-aon dwaeji,5.2,5,1h 45m,Animation
Rocky and Bullwinkle,9.1,12,1h 40m,Animation
,,,,Animation
Anora,7.5,175K,2h 19m,Comedy
Moana 2,6.6,98K,1h 40m,Comedy
A Real Pain,7.1,85K,1h 30m,Comedy
Sonic the Hedgehog 3,6.9,57K,1h 50m,Comedy
Y2K,4.8,12K,1h 31m,Comedy
Deadpool & Wolverine,7.6,487K,2h 8m,Comedy
The Ministry of Ungentlemanly Warfare,6.8,134K,2h 2m,Comedy
Freaky Tales,7.2,813,1h 46m,Comedy
The Day the Earth Blew Up: A Looney Tunes Movie,7.0,3.7K,1h 31m,Comedy
Riff Raff,5.7,2.7K,1h 43m,Comedy
Fight or Flight,6.4,5.9K,1h 37m,Comedy
Emilia Pérez,5.4,87K,2h 12m,Comedy
Borderlands,4.7,47K,1h 41m,Comedy
Paddington in Peru,6.7,19K,1h 46m,Comedy
Sacramento,5.7,539,1h 29m,Comedy
The Fall Guy,6.8,219K,2h 6m,Comedy
Saturday Night,6.9,30K,1h 49m,Comedy
Beetlejuice Beetlejuice,6.7,146K,1h 45m,Comedy
Despicable Me 4,6.2,64K,1h 34m,Comedy
Challengers,7.0,153K,2h 11m,Comedy
Inside Out 2,7.5,215K,1h 36m,Comedy
Kinds of Kindness,6.5,59K,2h 44m,Comedy
A Different Man,6.9,28K,1h 52m,Comedy
Bad Boys: Ride or Die,6.5,99K,1h 55m,Comedy
The Idea of You,6.3,73K,1h 55m,Comedy
My Old Ass,6.9,38K,1h 29m,Comedy
Argylle,5.6,92K,2h 19m,Comedy
It's What's Inside,6.6,42K,1h 43m,Comedy
Dead Talents Society,7.0,1.7K,1h 51m,Comedy
IF,6.4,58K,1h 44m,Comedy
A Nice Indian Boy,7.9,325,1h 36m,Comedy
Ricky Stanicky,6.2,56K,1h 53m,Comedy
Ghostbusters: Frozen Empire,6.1,93K,1h 55m,Comedy
Red One,6.3,139K,2h 3m,Comedy
Fly Me to the Moon,6.6,49K,2h 12m,Comedy
Friendship,7.4,257,1h 40m,Comedy
Nightbitch,5.5,19K,1h 39m,Comedy
Bob Trevino Likes It,8.0,699,1h 41m,Comedy
The Killer's Game,5.8,17K,1h 44m,Comedy
Snack Shack,7.0,12K,1h 52m,Comedy
My Dead Friend Zoe,6.6,2K,1h 43m,Comedy
Old Guy,5.2,2.2K,1h 34m,Comedy
Kneecap,7.6,17K,1h 45m,Comedy
F*** Marry Kill,5.3,2.3K,1h 37m,Comedy
Miller's Girl,5.2,23K,1h 33m,Comedy
The Union,5.4,53K,1h 47m,Comedy
Kung Fu Panda 4,6.3,67K,1h 34m,Comedy
Chosen Family,4.7,360,1h 28m,Comedy
Mean Girls,5.5,37K,1h 52m,Comedy
Thelma,7.0,22K,1h 38m,Comedy
A Family Affair,5.4,36K,1h 51m,Comedy
Misericordia,6.9,1.9K,1h 44m,Comedy
Spermageddon,5.8,755,1h 20m,Comedy
Lift,5.5,49K,1h 47m,Comedy
Upgraded,6.1,29K,1h 44m,Comedy
Holy Cow,7.2,1.4K,1h 32m,Comedy
Beverly Hills Cop: Axel F,6.4,81K,1h 58m,Comedy
The Instigators,6.2,37K,1h 41m,Comedy
Distant,5.7,3.1K,1h 27m,Comedy
The Garfield Movie,5.7,24K,1h 41m,Comedy
The Marching Band,7.4,2.6K,1h 43m,Comedy
Mittran Da Challeya Truck Ni,8.1,866,2h 11m,Comedy
Spellbound,5.6,7.2K,1h 49m,Comedy
Incoming,5.8,14K,1h 31m,Comedy
Drive-Away Dolls,5.4,23K,1h 24m,Comedy
Harold and the Purple Crayon,5.7,8.2K,1h 30m,Comedy
Eephus,7.2,461,1h 39m,Comedy
Greedy People,6.2,11K,1h 52m,Comedy
Get Away,5.3,6.6K,1h 26m,Comedy
Wallace & Gromit: Vengeance Most Fowl,7.5,34K,1h 22m,Comedy
Sister Midnight,6.6,365,1h 47m,Comedy
Hard Truths,7.3,5.1K,1h 37m,Comedy
Night of the Zoopocalypse,6.2,505,1h 31m,Comedy
Psycho Therapy: The Shallow Tale of a Writer Who Decided to Write about a Serial Killer,8.6,93,1h 42m,Comedy
Goodrich,6.3,5.1K,1h 50m,Comedy
Rumours,5.0,4.5K,1h 44m,Comedy
Brothers,5.4,13K,1h 29m,Comedy
Your Monster,6.4,5.7K,1h 43m,Comedy
The Mouse Trap,2.4,3.2K,1h 20m,Comedy
Superboys of Malegaon,8.0,1.4K,2h 7m,Comedy
How to Make Millions Before Grandma Dies,8.0,13K,2h 5m,Comedy
Teri Baaton Mein Aisa Uljha Jiya,6.2,54K,2h 21m,Comedy
Bloody Axe Wound,4.9,790,1h 23m,Comedy
Ghostlight,7.6,5.8K,1h 55m,Comedy
Lisa Frankenstein,6.1,28K,1h 41m,Comedy
Stree 2: Sarkate Ka Aatank,6.9,42K,2h 27m,Comedy
Jackpot!,5.8,30K,1h 46m,Comedy
Unfrosted,5.5,35K,1h 37m,Comedy
Modi: Three Days on the Wing of Madness,5.6,508,1h 50m,Comedy
When Fall Is Coming,6.8,1.5K,1h 44m,Comedy
The 4:30 Movie,6.0,3.7K,1h 27m,Comedy
Winner,6.5,2.4K,1h 43m,Comedy
Dìdi,7.3,12K,1h 33m,Comedy
The Visitor,4.4,204,1h 41m,Comedy
Mother of the Bride,4.8,17K,1h 28m,Comedy
Piece by Piece,6.9,5.3K,1h 33m,Comedy
Sketch,8.4,47,1h 32m,Comedy
The Uninvited,5.9,156,1h 37m,Comedy
Four Mothers,7.4,159,1h 29m,Comedy
Manamey,5.4,661,2h 35m,Comedy
Sex-Positive,4.0,726,1h 25m,Comedy
Babes,6.3,6.3K,1h 44m,Comedy
Our Little Secret,5.7,23K,1h 41m,Comedy
Hitpig,5.1,907,1h 26m,Comedy
Dear Santa,5.4,18K,1h 47m,Comedy
Thelma the Unicorn,5.7,2.9K,1h 33m,Comedy
Skincare,5.7,4.4K,1h 36m,Comedy
Time Travel Is Dangerous,6.7,145,1h 39m,Comedy
Aavesham,7.8,28K,2h 35m,Comedy
Sweethearts,5.5,3.8K,1h 38m,Comedy
Turn Me On,5.6,504,1h 39m,Comedy
The Wonderful Story of Henry Sugar and Three More,7.1,6.5K,1h 28m,Comedy
Standing on the Shoulders of Kitties,6.2,538,1h 51m,Comedy
Through My Window: Looking at You,5.4,5.2K,1h 45m,Comedy
Gelin Takimi,3.2,2.5K,1h 49m,Comedy
Lost & Found in Cleveland,8.4,30,PG-13,Comedy
Irish Wish,5.2,21K,1h 33m,Comedy
Megamind vs. The Doom Syndicate,2.5,5.5K,1h 23m,Comedy
Find Me Falling,6.3,13K,1h 33m,Comedy
Family Pack,5.5,8.9K,1h 34m,Comedy
Beautiful Wedding,4.1,4.1K,1h 40m,Comedy
The Best Christmas Pageant Ever,6.8,6.1K,1h 39m,Comedy
Orion and the Dark,6.3,17K,1h 33m,Comedy
Dongeng Sang Kancil,6.8,154,1h 39m,Comedy
Reunion,5.6,3.5K,1h 30m,Comedy
The Problem with People,5.8,395,1h 42m,Comedy
The American Society of Magical Negroes,3.7,12K,1h 44m,Comedy
This Is Me... Now,4.1,7.1K,1h 5m,Comedy
Universal Language,7.1,1.2K,1h 29m,Comedy
Hot Frosty,5.3,15K,1h 32m,Comedy
Munjya,6.3,25K,2h 3m,Comedy
Sasquatch Sunset,5.4,5.4K,1h 28m,Comedy
Summer Camp,4.5,1.5K,1h 35m,Comedy
Role Play,5.5,19K,1h 40m,Comedy
Let's Start a Cult,5.9,1.4K,1h 30m,Comedy
Shabab Albomb,4.8,270,1h 45m,Comedy
Trouble,6.2,6.7K,1h 38m,Comedy
My Favourite Cake,7.4,7.1K,1h 37m,Comedy
Vulgar,5.5,126,1h 43m,Comedy
Bookworm,6.0,1.8K,1h 43m,Comedy
Players,5.7,12K,1h 45m,Comedy
The Thundermans Return,5.0,1.8K,1h 10m,Comedy
On Becoming a Guinea Fowl,7.1,814,1h 39m,Comedy
Wallbanger,5.6,659,1h 58m,Comedy
Sookshma Darshini,7.8,9.9K,2h 22m,Comedy
Chuck Billy and the Marvelous Guava Tree,7.5,919,1h 30m,Comedy
My Spy: The Eternal City,5.7,11K,1h 52m,Comedy
And Mrs,5.8,736,1h 51m,Comedy
Boot Camp,5.8,1.1K,1h 34m,Comedy
The Fabulous Four,4.8,1.5K,1h 38m,Comedy
Space Cadet,5.0,10K,1h 50m,Comedy
Jönssonligan kommer tillbaka,5.9,1.3K,1h 44m,Comedy
The Radleys,5.0,2.7K,1h 55m,Comedy
Am I Racist?,6.7,17K,1h 40m,Comedy
This Time Next Year,5.6,2.2K,1h 56m,Comedy
A Little Something Extra,7.0,4.8K,1h 39m,Comedy
Love in the Big City,7.5,1.4K,1h 58m,Comedy
Street Trash,4.5,812,1h 25m,Comedy
Buffalo Kids,6.6,667,1h 33m,Comedy
"I, the Executioner",6.3,1.7K,1h 58m,Comedy
Saving Bikini Bottom: The Sandy Cheeks Movie,3.7,3.8K,1h 22m,Comedy
We're All Gonna Die,8.2,91,1h 50m,Comedy
The Empire,5.2,1.2K,1h 50m,Comedy
Ultraman: Rising,6.9,6.3K,1h 57m,Comedy
The Merry Gentlemen,4.8,10K,1h 27m,Comedy
Treasure,6.3,2K,1h 51m,Comedy
Bhool Bhulaiyaa 3,4.7,77K,2h 38m,Comedy
The Supremes at Earl's All-You-Can-Eat,6.4,1.4K,2h 4m,Comedy
Madgaon Express,7.0,41K,2h 23m,Comedy
Spread,5.7,648,1h 52m,Comedy
Khel Khel Mein,6.5,27K,2h 15m,Comedy
Officer Black Belt,6.8,8.1K,1h 48m,Comedy
Panda Plan,5.1,1.2K,1h 39m,Comedy
Bad Shabbos,7.5,163,1h 24m,Comedy
Autumn and the Black Jaguar,5.6,989,1h 40m,Comedy
Timestalker,5.5,2.9K,1h 29m,Comedy
Triumph,5.5,248,1h 38m,Comedy
The Gutter,5.5,491,1h 32m,Comedy
Sweet Dreams,5.4,1.4K,1h 35m,Comedy
How to Date Billy Walsh,5.2,3.9K,1h 38m,Comedy
I Love You Forever,5.6,173,1h 29m,Comedy
Nutcrackers,5.5,9.3K,1h 44m,Comedy
The Second Act,6.5,3.4K,1h 20m,Comedy
Rats!,6.5,114,1h 25m,Comedy
The Balconettes,6.3,796,1h 44m,Comedy
A Legend,4.7,885,2h 9m,Comedy
That Christmas,6.8,17K,1h 31m,Comedy
I Don't Understand You,7.2,72,1h 36m,Comedy
Der Vierer,5.3,170,1h 28m,Comedy
Blame the Game,5.4,5.1K,1h 32m,Comedy
Shell,6.7,69,1h 40m,Comedy
Drugstore June,5.3,1.7K,1h 31m,Comedy
Dan Da Dan: First Encounter,8.2,2.7K,1h 23m,Comedy
The Underdoggs,5.6,4.6K,1h 36m,Comedy
Between the Temples,6.3,2.9K,1h 51m,Comedy
Don't Tell Mom the Babysitter's Dead,3.8,1.2K,1h 39m,Comedy
200% Wolf,5.9,1.3K,1h 38m,Comedy
The Gentleman,7.9,96,1h 43m,Comedy
Desert Fiends,8.3,394,1h 46m,Comedy
Seize Them!,5.1,1.2K,1h 31m,Comedy
Trap,5.8,136K,1h 45m,Crime
Pushpa: The Rule - Part 2,6.1,55K,3h 21m,Crime
Longlegs,6.6,183K,1h 41m,Crime
Freaky Tales,7.2,813,1h 46m,Crime
Juror #2,7.0,95K,1h 54m,Crime
The Beekeeper,6.3,155K,1h 45m,Crime
Carry-On,6.5,163K,1h 59m,Crime
Riff Raff,5.7,2.7K,1h 43m,Crime
The Order,6.8,40K,1h 56m,Crime
Emilia Pérez,5.4,87K,2h 12m,Crime
MaXXXine,6.3,69K,1h 43m,Crime
Despicable Me 4,6.2,64K,1h 34m,Crime
Wolfs,6.5,81K,1h 48m,Crime
The Crow,4.7,34K,1h 51m,Crime
Rebel Ridge,6.8,87K,2h 11m,Crime
Lucky Baskhar,8.0,31K,2h 28m,Crime
Bad Boys: Ride or Die,6.5,99K,1h 55m,Crime
Marco,6.9,21K,2h 25m,Crime
Love Lies Bleeding,6.6,56K,1h 44m,Crime
The Girl with the Needle,7.5,13K,2h 3m,Crime
Monkey Man,6.8,91K,2h 1m,Crime
The Seed of the Sacred Fig,7.6,13K,2h 47m,Crime
Santosh,7.0,1.8K,2h 8m,Crime
Toofan,7.4,7.6K,2h 25m,Crime
Misericordia,6.9,1.9K,1h 44m,Crime
Sleeping Dogs,6.2,21K,1h 50m,Crime
Lift,5.5,49K,1h 47m,Crime
Beverly Hills Cop: Axel F,6.4,81K,1h 58m,Crime
Maharaja,8.4,66K,2h 21m,Crime
The Instigators,6.2,37K,1h 41m,Crime
Beating Hearts,7.0,4.5K,2h 46m,Crime
Twilight of the Warriors: Walled In,7.0,9.3K,2h 6m,Crime
Greedy People,6.2,11K,1h 52m,Crime
Absolution,5.2,7.7K,1h 52m,Crime
Killer Heat,5.6,13K,1h 35m,Crime
Long Gone Heroes,5.2,1K,1h 41m,Crime
Brothers,5.4,13K,1h 29m,Crime
The Unholy Trinity,7.9,49,1h 33m,Crime
Force of Nature: The Dry 2,5.8,6.9K,2h,Crime
Trigger Warning,4.6,19K,1h 46m,Crime
Armor,3.6,3.7K,1h 29m,Crime
The Shadow Strays,6.5,9.1K,2h 24m,Crime
The Silent Hour,6.1,7.3K,1h 39m,Crime
Duchess,4.6,1.3K,1h 54m,Crime
Do Patti,6.5,68K,2h 6m,Crime
Boneyard,4.1,5K,1h 36m,Crime
Hitpig,5.1,907,1h 26m,Crime
Harbin,6.4,565,1h 48m,Crime
Mea Culpa,4.2,7K,2h,Crime
The Thicket,5.8,3K,1h 48m,Crime
The Calendar Killer,5.4,4.1K,1h 37m,Crime
Lake George,6.3,944,1h 58m,Crime
Baby John,5.4,17K,2h 39m,Crime
Megamind vs. The Doom Syndicate,2.5,5.5K,1h 23m,Crime
Sikandar Ka Muqaddar,6.0,24K,2h 22m,Crime
Viduthalai Part 2,7.9,16K,2h 50m,Crime
Damaged,4.7,7.2K,1h 37m,Crime
Dead Sea,5.3,5.3K,1h 28m,Crime
Blackwater Lane,4.6,1.8K,1h 48m,Crime
Sector 36,7.1,25K,2h 3m,Crime
In Youth We Trust,6.8,365,2h 12m,Crime
The Quiet Ones,6.4,655,1h 50m,Crime
Reputation,9.3,8,1h 23m,Crime
Justice,6.3,3.8K,1h 53m,Crime
Trouble,6.2,6.7K,1h 38m,Crime
Dead Wrong,3.9,257,1h 44m,Crime
Depravity,4.3,972,1h 57m,Crime
Singham Again,4.8,75K,2h 24m,Crime
Bangkok Dog,5.0,150,1h 25m,Crime
The Thundermans Return,5.0,1.8K,1h 10m,Crime
The Shameless,5.7,214,1h 54m,Crime
Colors of Evil: Red,6.4,8.4K,1h 51m,Crime
The Roundup: Punishment,6.6,5.2K,1h 49m,Crime
Detained,4.9,1.5K,1h 37m,Crime
Thalavan,7.2,4.6K,2h 11m,Crime
Jönssonligan kommer tillbaka,5.9,1.3K,1h 44m,Crime
Jigra,6.0,23K,2h 33m,Crime
Strictly Confidential,2.8,840,1h 34m,Crime
Maharaj,6.5,15K,2h 11m,Crime
Golam,7.2,5.6K,2h,Crime
"I, the Executioner",6.3,1.7K,1h 58m,Crime
Badland Hunters,5.9,12K,1h 47m,Crime
The Clean Up Crew,4.1,1.1K,1h 35m,Crime
Bougainvillea,6.4,3.1K,2h 18m,Crime
Officer Black Belt,6.8,8.1K,1h 48m,Crime
Code 8: Part II,5.7,16K,1h 40m,Crime
Pani,6.9,2.9K,2h 23m,Crime
The Courier,6.0,4.4K,1h 41m,Crime
Dead Mail,6.7,297,1h 46m,Crime
Bogota: City of the Lost,5.4,1.9K,1h 48m,Crime
Rats!,6.5,114,1h 25m,Crime
Barron's Cove,8.2,28,1h 56m,Crime
Anweshippin Kandethum,7.4,10K,2h 22m,Crime
The Soul Eater,5.9,2.5K,1h 48m,Crime
Drugstore June,5.3,1.7K,1h 31m,Crime
Ulajh,6.0,24K,2h 30m,Crime
The Kingdom,6.9,718,1h 52m,Crime
Darkness of Man,4.8,3.1K,1h 49m,Crime
The Trainer,7.0,53,1h 35m,Crime
Sicilian Letters,6.1,657,2h 2m,Crime
Inside,7.1,229,1h 44m,Crime
Marmalade,6.3,3.5K,1h 39m,Crime
Ride,5.9,388,1h 54m,Crime
Broken Rage,6.1,1.4K,1h 2m,Crime
King Ivory,7.3,63,2h 10m,Crime
Cult Killer,4.8,2.8K,1h 45m,Crime
Compulsion,6.3,12,1h 34m,Crime
What Jennifer Did,6.1,11K,1h 27m,Crime
Laws of Man,5.0,715,1h 38m,Crime
City Hunter,6.3,5.6K,1h 42m,Crime
Dengeler,5.4,182,2h 3m,Crime
Hijack 1971,6.8,3.3K,1h 40m,Crime
Revolver,5.4,847,1h 54m,Crime
First Shift,4.4,2K,1h 29m,Crime
Guns & Moses,8.1,44,1h 34m,Crime
To a Land Unknown,7.3,466,1h 45m,Crime
Lover Stalker Killer,7.0,13K,1h 30m,Crime
The Sabarmati Report,6.4,24K,2h 7m,Crime
El Jockey,6.4,1.6K,1h 36m,Crime
Crescent City,3.9,1.3K,1h 43m,Crime
Freedom,5.9,1.4K,1h 50m,Crime
Maldoror,7.0,583,2h 35m,Crime
How to Rob a Bank,6.6,4.2K,1h 28m,Crime
Here Now,4.9,391,1h 58m,Crime
Hellhound,4.3,502,1h 43m,Crime
5lbs of Pressure,5.3,1.6K,1h 51m,Crime
Wanted Man,4.8,2.6K,1h 25m,Crime
Vettaiyan,7.0,39K,2h 43m,Crime
Nice Girls,4.2,1.2K,1h 32m,Crime
Strangers,4.3,385,1h 46m,Crime
Una ballena,6.0,73,1h 48m,Crime
Saripodhaa Sanivaaram,7.0,9K,2h 46m,Crime
Sorgavaasal,6.6,1.3K,2h 18m,Crime
The Park Maniac,4.8,1.6K,1h 43m,Crime
Shoutai,6.9,538,2h,Crime
Boundless,5.6,1.9K,2h 1m,Crime
Untamed Royals,4.6,629,1h 39m,Crime
In Her Place,6.2,1.5K,1h 36m,Crime
Loverboy: Emoties Uit,6.4,502,1h 38m,Crime
Roadkill,3.7,677,1h 30m,Crime
Belle,5.8,57,1h 40m,Crime
Bloodline Killer,3.8,4.4K,1h 45m,Crime
Ferry 2,5.6,3.7K,1h 34m,Crime
Døde menn går på ski,5.4,224,1h 29m,Crime
,,,,Crime
Savi,6.2,35K,2h 6m,Crime
Faultline,5.7,89,1h 32m,Crime
Jailbreak: Love on the Run,6.4,3.1K,1h 28m,Crime
Raayan,6.5,11K,2h 25m,Crime
Kingsmen,6.4,47,1h 12m,Crime
Kaulayaw,4.1,159,1h 35m,Crime
The Lockdown,4.3,603,1h 57m,Crime
Peg O' My Heart,6.1,111,1h 37m,Crime
GTMax,5.0,1.2K,1h 40m,Crime
Two to One,6.1,718,1h 56m,Crime
Havnaa,7.2,229,1h 50m,Crime
Baby Assassins: Nice Days,7.3,291,1h 43m,Crime
Biggest Heist Ever,6.1,1.4K,1h 25m,Crime
A Place Called Silence,6.4,1.2K,1h 59m,Crime
Serpent's Path,5.8,282,1h 52m,Crime
The Girl Who Wore Yellow Lace,4.6,21,1h 22m,Crime
Tillu Square,6.6,3.4K,2h 17m,Crime
Sons of Rizk 3,6.7,1.7K,2h 5m,Crime
Mission: Cross,6.1,2.6K,1h 45m,Crime
Last Known Location,6.3,1.4K,1h 50m,Crime
Papa,7.5,320,2h 11m,Crime
Anand Sreebala,6.6,2.4K,2h 14m,Crime
Bhakshak,7.2,7.1K,2h 14m,Crime
The Moon Thieves,6.1,242,1h 48m,Crime
The Birds Who Fear Death,9.2,73,1h 42m,Crime
Citizen of a Kind,6.7,795,1h 54m,Crime
Auron Mein Kahan Dum Tha,6.6,41K,2h 30m,Crime
Phir Aayi Hasseen Dillruba,5.8,6.8K,2h 12m,Crime
The Plot,4.8,375,1h 40m,Crime
,,,,Crime
Hunt the Wicked,5.3,109,1h 42m,Crime
Bermondsey Tales: Fall of the Roman Empire,4.4,180,1h 39m,Crime
The Pee Pee Poo Poo Man,8.1,18,1h 19m,Crime
Lady Scorpions,3.6,366,1h 41m,Crime
Octopus with Broken Arms,6.1,221,1h 49m,Crime
Kondal,5.4,766,2h 27m,Crime
The Smile Man,7.6,1.5K,2h 2m,Crime
Dirty Ice Cream,4.4,116,47m,Crime
The Actor,3.3,726,2h 8m,Crime
The Waterboyz,7.8,85,1h 29m,Crime
Jersey Bred,4.4,71,1h 32m,Crime
They Called Him Mostly Harmless,5.9,3.2K,1h 29m,Crime
The Final: Attack on Wembley,6.3,2.5K,1h 22m,Crime
She's Got No Name,7.1,47,2h 30m,Crime
Operation Raavan,8.0,1.2K,2h 27m,Crime
10 Days of a Curious Man,5.7,1.2K,1h 50m,Crime
Scorched Earth,6.7,530,1h 41m,Crime
A Brothers Bond,5.3,39,1h 43m,Crime
Crisis Negotiators,6.7,706,2h,Crime
Nefarious,7.1,56,1h 25m,Crime
Borderless Fog,5.2,1.3K,1h 50m,Crime
(Pri)sons,5.1,267,1h 40m,Crime
,,,,Crime
,,,,Crime
Sheriff,6.9,1.1K,2h 13m,Crime
Anora,7.5,175K,2h 19m,Romance
Wicked,7.5,153K,2h 40m,Romance
Babygirl,5.9,51K,1h 54m,Romance
Queer,6.4,20K,2h 17m,Romance
It Ends with Us,6.4,84K,2h 10m,Romance
Mon Potongo,6.9,297,2h 29m,Romance
We Live in Time,7.0,50K,1h 48m,Romance
The Fall Guy,6.8,219K,2h 6m,Romance
The Count of Monte-Cristo,7.6,33K,2h 58m,Romance
Ask Me What You Want,3.7,557,1h 54m,Romance
Challengers,7.0,153K,2h 11m,Romance
The Crow,4.7,34K,1h 51m,Romance
The Idea of You,6.3,73K,1h 55m,Romance
My Old Ass,6.9,38K,1h 29m,Romance
,,,,Romance
A Nice Indian Boy,7.9,325,1h 36m,Romance
Fly Me to the Moon,6.6,49K,2h 12m,Romance
Love Lies Bleeding,6.6,56K,1h 44m,Romance
F*** Marry Kill,5.3,2.3K,1h 37m,Romance
Chosen Family,4.7,360,1h 28m,Romance
A Family Affair,5.4,36K,1h 51m,Romance
All We Imagine as Light,7.1,9.4K,1h 58m,Romance
Upgraded,6.1,29K,1h 44m,Romance
Beating Hearts,7.0,4.5K,2h 46m,Romance
Emmanuelle,4.2,1.5K,1h 47m,Romance
La cocina,7.2,2.7K,2h 19m,Romance
Culpa Tuya,5.2,13K,1h 58m,Romance
Die Alone,5.7,2.8K,1h 31m,Romance
Someone Like You,5.8,2.1K,1h 58m,Romance
Young Woman and the Sea,7.5,17K,2h 9m,Romance
Killer Heat,5.6,13K,1h 35m,Romance
Loveable,7.9,1.6K,1h 41m,Romance
Sidelined: The QB and Me,5.9,3.6K,1h 39m,Romance
Your Monster,6.4,5.7K,1h 43m,Romance
Lonely Planet,5.7,11K,1h 34m,Romance
Darkest Miriam,6.8,55,1h 27m,Romance
Teri Baaton Mein Aisa Uljha Jiya,6.2,54K,2h 21m,Romance
Lilies Not for Me,7.8,106,1h 39m,Romance
Lisa Frankenstein,6.1,28K,1h 41m,Romance
Love Me,5.1,2.4K,1h 31m,Romance
Girl Haunts Boy,6.3,2.9K,1h 40m,Romance
Mother of the Bride,4.8,17K,1h 28m,Romance
Winter Spring Summer or Fall,7.0,486,1h 37m,Romance
The Tearsmith,5.2,12K,1h 43m,Romance
Grafted,5.6,2.2K,1h 36m,Romance
Our Little Secret,5.7,23K,1h 41m,Romance
Guilty Pleasure,5.9,113,1h 59m,Romance
Grand Tour,6.6,1.5K,2h 8m,Romance
Turn Me On,5.6,504,1h 39m,Romance
Touch,7.4,5.3K,2h 1m,Romance
Lick,6.3,774,1h 15m,Romance
The Greatest Hits,6.2,7.3K,1h 34m,Romance
Through My Window: Looking at You,5.4,5.2K,1h 45m,Romance
Girls Will Be Girls,7.1,2.4K,1h 58m,Romance
Gelin Takimi,3.2,2.5K,1h 49m,Romance
Irish Wish,5.2,21K,1h 33m,Romance
Find Me Falling,6.3,13K,1h 33m,Romance
Beautiful Wedding,4.1,4.1K,1h 40m,Romance
The Best Christmas Pageant Ever,6.8,6.1K,1h 39m,Romance
Turtles All the Way Down,6.6,6.9K,1h 51m,Romance
The Glassworker,7.4,1.7K,1h 38m,Romance
This Is Me... Now,4.1,7.1K,1h 5m,Romance
Hot Frosty,5.3,15K,1h 32m,Romance
Role Play,5.5,19K,1h 40m,Romance
My Favourite Cake,7.4,7.1K,1h 37m,Romance
Vulgar,5.5,126,1h 43m,Romance
The Dead Thing,4.7,886,1h 34m,Romance
Players,5.7,12K,1h 45m,Romance
Wallbanger,5.6,659,1h 58m,Romance
High Tide,6.6,549,1h 41m,Romance
Sex,6.6,968,2h 5m,Romance
Boot Camp,5.8,1.1K,1h 34m,Romance
Swap,2.9,341,1h 26m,Romance
This Time Next Year,5.6,2.2K,1h 56m,Romance
A True Gentleman,4.5,2.1K,1h 50m,Romance
Love in the Big City,7.5,1.4K,1h 58m,Romance
We're All Gonna Die,8.2,91,1h 50m,Romance
The Merry Gentlemen,4.8,10K,1h 27m,Romance
Pedro Páramo,6.3,2.9K,2h 10m,Romance
Jane Austen Wrecked My Life,6.4,172,1h 34m,Romance
Timestalker,5.5,2.9K,1h 29m,Romance
How to Date Billy Walsh,5.2,3.9K,1h 38m,Romance
Cinderella's Curse,3.3,1.3K,1h 22m,Romance
Romance on the Ranch,6.8,311,1h 28m,Romance
Pure Love,7.2,145,1h 49m,Romance
Cinderella's Revenge,3.7,1.1K,1h 25m,Romance
Marmalade,6.3,3.5K,1h 39m,Romance
The Astronaut Lovers,7.0,610,1h 56m,Romance
Ashes,4.3,2.6K,1h 40m,Romance
Take My Hand,6.3,301,1h 42m,Romance
Uranus 2324,6.5,4.8K,2h 10m,Romance
Dandelion,5.3,399,1h 53m,Romance
Samana Sunrise,5.2,148,1h 40m,Romance
Premalu,7.8,19K,2h 36m,Romance
City Hunter,6.3,5.6K,1h 42m,Romance
White Snake: Afloat,6.9,462,2h 13m,Romance
Books & Drinks,6.3,94,1h 34m,Romance
Gone Running,7.1,4K,1h 45m,Romance
Hear Me: Our Summer,7.5,653,1h 49m,Romance
"Love, Divided",6.0,4.6K,1h 38m,Romance
Three Friends,6.5,677,1h 57m,Romance
Freedom,5.9,1.4K,1h 50m,Romance
Five Blind Dates,5.1,1.9K,1h 23m,Romance
Música,6.4,5K,1h 31m,Romance
Private Tutor,4.9,189,1h 5m,Romance
5lbs of Pressure,5.3,1.6K,1h 51m,Romance
Bonjour Tristesse,6.0,87,1h 50m,Romance
Amar Singh Chamkila,7.8,16K,2h 25m,Romance
Another End,6.4,719,2h 9m,Romance
Plan B,5.9,1.1K,1h 30m,Romance
Murder Mubarak,5.8,51K,2h 20m,Romance
Eks,4.5,189,2h 1m,Romance
Meet Me Next Christmas,5.7,8.5K,1h 45m,Romance
Layla,6.1,380,1h 40m,Romance
Given 3: To the Sea,8.8,35,1h 20m,Romance
The Air He Breathes,6.4,370,1h 46m,Romance
Young Werther,5.6,218,1h 41m,Romance
Love Switch,6.0,235,1h 29m,Romance
,,,,Romance
The Groomsmen: First Look,6.1,384,1h 22m,Romance
Haunted Heart,4.8,470,2h 8m,Romance
You Are the Apple of My Eye,7.6,3.4K,1h 41m,Romance
Love,7.3,299,1h 59m,Romance
Do Aur Do Pyaar,6.4,12K,2h 20m,Romance
Still Fabulous,4.9,855,1h 32m,Romance
Savi,6.2,35K,2h 6m,Romance
O Melhor Amigo,7.1,59,1h 36m,Romance
Futra Days,4.1,140,1h 39m,Romance
The Family Star,5.4,5.4K,2h 39m,Romance
Perfect Endings,5.6,191,1h 40m,Romance
Movie Given Hiiragi Mix.,7.4,157,1h 10m,Romance
The Groomsmen: Second Chances,6.1,430,1h 24m,Romance
Daniela Forever,6.3,203,1h 53m,Romance
Ajosepo,8.7,54,2h 14m,Romance
My Name Is Loh Kiwan,6.7,4.3K,2h 11m,Romance
Mr. Manhattan,6.7,440,1h 50m,Romance
Passport to Love,6.2,399,1h 28m,Romance
The Southern Chronicles,8.8,2.5K,2h,Romance
Lesbian Space Princess,7.5,110,1h 27m,Romance
Seré breve al momento de morir,5.9,22,1h 18m,Romance
Previously Saved Version,5.5,418,1h 57m,Romance
Her Story,7.6,1.8K,2h 3m,Romance
Duino,7.6,115,1h 48m,Romance
Two to One,6.1,718,1h 56m,Romance
Qalb,6.6,2.3K,2h 27m,Romance
,,,,Romance
Why Do You?,5.3,417,1h 43m,Romance
Drained,4.6,309,1h 47m,Romance
El Hawa Sultan,6.6,690,2h 16m,Romance
Intoxicated by Love,8.5,13K,1h 58m,Romance
,,,,Romance
Undergrads,5.5,50,1h 6m,Romance
Art of Love,4.6,2.4K,1h 39m,Romance
"Hello, Love, Again",6.8,829,2h 2m,Romance
Ipar Adalah Maut,7.0,1.2K,2h 11m,Romance
Wild Wild Punjab,6.2,15K,1h 49m,Romance
18×2 Beyond Youthful Days,7.3,1.8K,2h 3m,Romance
From Contract Lover to the Billionaire's Bride,7.0,510,1h 24m,Romance
Black Tea,5.1,539,1h 50m,Romance
Breakup Season,5.8,305,1h 42m,Romance
Good Bad Things,5.7,193,1h 36m,Romance
"María, Me Muero",5.6,89,1h 33m,Romance
Wanted: Girlfriend,4.3,217,49m,Romance
Beauty and the Billionaire: Bali,5.8,198,1h 31m,Romance
Bad Newz,4.7,26K,2h 22m,Romance
The Silence of Marcos Tremmer,5.9,151,1h 52m,Romance
,,,,Romance
Goyo,6.6,2.2K,1h 46m,Romance
Bau: Artist at War,7.0,55,2h 10m,Romance
Tillu Square,6.6,3.4K,2h 17m,Romance
,,,,Romance
Siddharth Roy,6.4,2.9K,2h 28m,Romance
The Holiday Junkie,6.3,445,1h 28m,Romance
She Taught Love,5.2,413,1h 42m,Romance
Ask Mevsimi,5.0,339,2h 6m,Romance
Kupu-Kupu Kertas,6.8,159,1h 53m,Romance
Mascarpone: The Rainbow Cake,6.1,496,1h 45m,Romance
One Night in Tokyo,7.5,69,1h 35m,Romance
Believe in Christmas,6.1,822,1h 30m,Romance
Switch Up,8.6,27,1h 45m,Romance
Love Story,4.9,390,2h 5m,Romance
Blue Sun Palace,6.5,129,1h 56m,Romance
When in Rome,6.1,738,1h 38m,Romance
Christmas in the Spotlight,5.8,664,1h 27m,Romance
Auron Mein Kahan Dum Tha,6.6,41K,2h 30m,Romance
Phir Aayi Hasseen Dillruba,5.8,6.8K,2h 12m,Romance
Viva La Vida,7.5,809,2h 10m,Romance
Snatched a Billionaire to Be My Husband,7.6,655,1h 10m,Romance
Albany Road,7.7,108,2h 15m,Romance
Marry Christmas,6.7,60,1h 25m,Romance
Umjolo: The Gone Girl,4.4,270,1h 32m,Romance
First Taste,6.0,283,1h 37m,Romance
Sex Love Venice,5.0,321,1h 42m,Romance
Karma's a Bitch,4.7,33,1h 29m,Romance
Stag,5.2,110,1h 27m,Romance
The Everything Pot,7.3,32,1h 30m,Romance
My Ex's Wedding,8.6,46,1h 35m,Romance
Else,6.1,230,1h 40m,Romance
A Merry Royal Christmas,5.2,144,1h 28m,Romance
Chainsaws Were Singing,7.2,355,1h 57m,Romance
