Title,Rating,Votes,Duration,Genre
Anora,7.5,175K,2h 19m,Comedy
Moana 2,6.6,98K,1h 40m,Comedy
A Real Pain,7.1,85K,1h 30m,Comedy
Sonic the Hedgehog 3,6.9,57K,1h 50m,Comedy
Y2K,4.8,12K,1h 31m,Comedy
Deadpool & Wolverine,7.6,487K,2h 8m,Comedy
The Ministry of Ungentlemanly Warfare,6.8,134K,2h 2m,Comedy
Freaky Tales,7.2,813,1h 46m,Comedy
The Day the Earth Blew Up: A Looney Tunes Movie,7.0,3.7K,1h 31m,Comedy
Riff Raff,5.7,2.7K,1h 43m,Comedy
Fight or Flight,6.4,5.9K,1h 37m,Comedy
Emilia Pérez,5.4,87K,2h 12m,Comedy
Borderlands,4.7,47K,1h 41m,Comedy
Paddington in Peru,6.7,19K,1h 46m,Comedy
Sacramento,5.7,539,1h 29m,Comedy
The Fall Guy,6.8,219K,2h 6m,Comedy
Saturday Night,6.9,30K,1h 49m,Comedy
Beetlejuice Beetlejuice,6.7,146K,1h 45m,Comedy
Despicable Me 4,6.2,64K,1h 34m,Comedy
Challengers,7.0,153K,2h 11m,Comedy
Inside Out 2,7.5,215K,1h 36m,Comedy
Kinds of Kindness,6.5,59K,2h 44m,Comedy
A Different Man,6.9,28K,1h 52m,Comedy
Bad Boys: Ride or Die,6.5,99K,1h 55m,Comedy
The Idea of You,6.3,73K,1h 55m,Comedy
My Old Ass,6.9,38K,1h 29m,Comedy
Argylle,5.6,92K,2h 19m,Comedy
It's What's Inside,6.6,42K,1h 43m,Comedy
Dead Talents Society,7.0,1.7K,1h 51m,Comedy
IF,6.4,58K,1h 44m,Comedy
A Nice Indian Boy,7.9,325,1h 36m,Comedy
Ricky Stanicky,6.2,56K,1h 53m,Comedy
Ghostbusters: Frozen Empire,6.1,93K,1h 55m,Comedy
Red One,6.3,139K,2h 3m,Comedy
Fly Me to the Moon,6.6,49K,2h 12m,Comedy
Friendship,7.4,257,1h 40m,Comedy
Nightbitch,5.5,19K,1h 39m,Comedy
Bob Trevino Likes It,8.0,699,1h 41m,Comedy
The Killer's Game,5.8,17K,1h 44m,Comedy
Snack Shack,7.0,12K,1h 52m,Comedy
My Dead Friend Zoe,6.6,2K,1h 43m,Comedy
Old Guy,5.2,2.2K,1h 34m,Comedy
Kneecap,7.6,17K,1h 45m,Comedy
F*** Marry Kill,5.3,2.3K,1h 37m,Comedy
Miller's Girl,5.2,23K,1h 33m,Comedy
The Union,5.4,53K,1h 47m,Comedy
Kung Fu Panda 4,6.3,67K,1h 34m,Comedy
Chosen Family,4.7,360,1h 28m,Comedy
Mean Girls,5.5,37K,1h 52m,Comedy
Thelma,7.0,22K,1h 38m,Comedy
A Family Affair,5.4,36K,1h 51m,Comedy
Misericordia,6.9,1.9K,1h 44m,Comedy
Spermageddon,5.8,755,1h 20m,Comedy
Lift,5.5,49K,1h 47m,Comedy
Upgraded,6.1,29K,1h 44m,Comedy
Holy Cow,7.2,1.4K,1h 32m,Comedy
Beverly Hills Cop: Axel F,6.4,81K,1h 58m,Comedy
The Instigators,6.2,37K,1h 41m,Comedy
Distant,5.7,3.1K,1h 27m,Comedy
The Garfield Movie,5.7,24K,1h 41m,Comedy
The Marching Band,7.4,2.6K,1h 43m,Comedy
Mittran Da Challeya Truck Ni,8.1,866,2h 11m,Comedy
Spellbound,5.6,7.2K,1h 49m,Comedy
Incoming,5.8,14K,1h 31m,Comedy
Drive-Away Dolls,5.4,23K,1h 24m,Comedy
Harold and the Purple Crayon,5.7,8.2K,1h 30m,Comedy
Eephus,7.2,461,1h 39m,Comedy
Greedy People,6.2,11K,1h 52m,Comedy
Get Away,5.3,6.6K,1h 26m,Comedy
Wallace & Gromit: Vengeance Most Fowl,7.5,34K,1h 22m,Comedy
Sister Midnight,6.6,365,1h 47m,Comedy
Hard Truths,7.3,5.1K,1h 37m,Comedy
Night of the Zoopocalypse,6.2,505,1h 31m,Comedy
Psycho Therapy: The Shallow Tale of a Writer Who Decided to Write about a Serial Killer,8.6,93,1h 42m,Comedy
Goodrich,6.3,5.1K,1h 50m,Comedy
Rumours,5.0,4.5K,1h 44m,Comedy
Brothers,5.4,13K,1h 29m,Comedy
Your Monster,6.4,5.7K,1h 43m,Comedy
The Mouse Trap,2.4,3.2K,1h 20m,Comedy
Superboys of Malegaon,8.0,1.4K,2h 7m,Comedy
How to Make Millions Before Grandma Dies,8.0,13K,2h 5m,Comedy
Teri Baaton Mein Aisa Uljha Jiya,6.2,54K,2h 21m,Comedy
Bloody Axe Wound,4.9,790,1h 23m,Comedy
Ghostlight,7.6,5.8K,1h 55m,Comedy
Lisa Frankenstein,6.1,28K,1h 41m,Comedy
Stree 2: Sarkate Ka Aatank,6.9,42K,2h 27m,Comedy
Jackpot!,5.8,30K,1h 46m,Comedy
Unfrosted,5.5,35K,1h 37m,Comedy
Modi: Three Days on the Wing of Madness,5.6,508,1h 50m,Comedy
When Fall Is Coming,6.8,1.5K,1h 44m,Comedy
The 4:30 Movie,6.0,3.7K,1h 27m,Comedy
Winner,6.5,2.4K,1h 43m,Comedy
Dìdi,7.3,12K,1h 33m,Comedy
The Visitor,4.4,204,1h 41m,Comedy
Mother of the Bride,4.8,17K,1h 28m,Comedy
Piece by Piece,6.9,5.3K,1h 33m,Comedy
Sketch,8.4,47,1h 32m,Comedy
The Uninvited,5.9,156,1h 37m,Comedy
Four Mothers,7.4,159,1h 29m,Comedy
Manamey,5.4,661,2h 35m,Comedy
Sex-Positive,4.0,726,1h 25m,Comedy
Babes,6.3,6.3K,1h 44m,Comedy
Our Little Secret,5.7,23K,1h 41m,Comedy
Hitpig,5.1,907,1h 26m,Comedy
Dear Santa,5.4,18K,1h 47m,Comedy
Thelma the Unicorn,5.7,2.9K,1h 33m,Comedy
Skincare,5.7,4.4K,1h 36m,Comedy
Time Travel Is Dangerous,6.7,145,1h 39m,Comedy
Aavesham,7.8,28K,2h 35m,Comedy
Sweethearts,5.5,3.8K,1h 38m,Comedy
Turn Me On,5.6,504,1h 39m,Comedy
The Wonderful Story of Henry Sugar and Three More,7.1,6.5K,1h 28m,Comedy
Standing on the Shoulders of Kitties,6.2,538,1h 51m,Comedy
Through My Window: Looking at You,5.4,5.2K,1h 45m,Comedy
Gelin Takimi,3.2,2.5K,1h 49m,Comedy
Lost & Found in Cleveland,8.4,30,PG-13,Comedy
Irish Wish,5.2,21K,1h 33m,Comedy
Megamind vs. The Doom Syndicate,2.5,5.5K,1h 23m,Comedy
Find Me Falling,6.3,13K,1h 33m,Comedy
Family Pack,5.5,8.9K,1h 34m,Comedy
Beautiful Wedding,4.1,4.1K,1h 40m,Comedy
The Best Christmas Pageant Ever,6.8,6.1K,1h 39m,Comedy
Orion and the Dark,6.3,17K,1h 33m,Comedy
Dongeng Sang Kancil,6.8,154,1h 39m,Comedy
Reunion,5.6,3.5K,1h 30m,Comedy
The Problem with People,5.8,395,1h 42m,Comedy
The American Society of Magical Negroes,3.7,12K,1h 44m,Comedy
This Is Me... Now,4.1,7.1K,1h 5m,Comedy
Universal Language,7.1,1.2K,1h 29m,Comedy
Hot Frosty,5.3,15K,1h 32m,Comedy
Munjya,6.3,25K,2h 3m,Comedy
Sasquatch Sunset,5.4,5.4K,1h 28m,Comedy
Summer Camp,4.5,1.5K,1h 35m,Comedy
Role Play,5.5,19K,1h 40m,Comedy
Let's Start a Cult,5.9,1.4K,1h 30m,Comedy
Shabab Albomb,4.8,270,1h 45m,Comedy
Trouble,6.2,6.7K,1h 38m,Comedy
My Favourite Cake,7.4,7.1K,1h 37m,Comedy
Vulgar,5.5,126,1h 43m,Comedy
Bookworm,6.0,1.8K,1h 43m,Comedy
Players,5.7,12K,1h 45m,Comedy
The Thundermans Return,5.0,1.8K,1h 10m,Comedy
On Becoming a Guinea Fowl,7.1,814,1h 39m,Comedy
Wallbanger,5.6,659,1h 58m,Comedy
Sookshma Darshini,7.8,9.9K,2h 22m,Comedy
Chuck Billy and the Marvelous Guava Tree,7.5,919,1h 30m,Comedy
My Spy: The Eternal City,5.7,11K,1h 52m,Comedy
And Mrs,5.8,736,1h 51m,Comedy
Boot Camp,5.8,1.1K,1h 34m,Comedy
The Fabulous Four,4.8,1.5K,1h 38m,Comedy
Space Cadet,5.0,10K,1h 50m,Comedy
Jönssonligan kommer tillbaka,5.9,1.3K,1h 44m,Comedy
The Radleys,5.0,2.7K,1h 55m,Comedy
Am I Racist?,6.7,17K,1h 40m,Comedy
This Time Next Year,5.6,2.2K,1h 56m,Comedy
A Little Something Extra,7.0,4.8K,1h 39m,Comedy
Love in the Big City,7.5,1.4K,1h 58m,Comedy
Street Trash,4.5,812,1h 25m,Comedy
Buffalo Kids,6.6,667,1h 33m,Comedy
"I, the Executioner",6.3,1.7K,1h 58m,Comedy
Saving Bikini Bottom: The Sandy Cheeks Movie,3.7,3.8K,1h 22m,Comedy
We're All Gonna Die,8.2,91,1h 50m,Comedy
The Empire,5.2,1.2K,1h 50m,Comedy
Ultraman: Rising,6.9,6.3K,1h 57m,Comedy
The Merry Gentlemen,4.8,10K,1h 27m,Comedy
Treasure,6.3,2K,1h 51m,Comedy
Bhool Bhulaiyaa 3,4.7,77K,2h 38m,Comedy
The Supremes at Earl's All-You-Can-Eat,6.4,1.4K,2h 4m,Comedy
Madgaon Express,7.0,41K,2h 23m,Comedy
Spread,5.7,648,1h 52m,Comedy
Khel Khel Mein,6.5,27K,2h 15m,Comedy
Officer Black Belt,6.8,8.1K,1h 48m,Comedy
Panda Plan,5.1,1.2K,1h 39m,Comedy
Bad Shabbos,7.5,163,1h 24m,Comedy
Autumn and the Black Jaguar,5.6,989,1h 40m,Comedy
Timestalker,5.5,2.9K,1h 29m,Comedy
Triumph,5.5,248,1h 38m,Comedy
The Gutter,5.5,491,1h 32m,Comedy
Sweet Dreams,5.4,1.4K,1h 35m,Comedy
How to Date Billy Walsh,5.2,3.9K,1h 38m,Comedy
I Love You Forever,5.6,173,1h 29m,Comedy
Nutcrackers,5.5,9.3K,1h 44m,Comedy
The Second Act,6.5,3.4K,1h 20m,Comedy
Rats!,6.5,114,1h 25m,Comedy
The Balconettes,6.3,796,1h 44m,Comedy
A Legend,4.7,885,2h 9m,Comedy
That Christmas,6.8,17K,1h 31m,Comedy
I Don't Understand You,7.2,72,1h 36m,Comedy
Der Vierer,5.3,170,1h 28m,Comedy
Blame the Game,5.4,5.1K,1h 32m,Comedy
Shell,6.7,69,1h 40m,Comedy
Drugstore June,5.3,1.7K,1h 31m,Comedy
Dan Da Dan: First Encounter,8.2,2.7K,1h 23m,Comedy
The Underdoggs,5.6,4.6K,1h 36m,Comedy
Between the Temples,6.3,2.9K,1h 51m,Comedy
Don't Tell Mom the Babysitter's Dead,3.8,1.2K,1h 39m,Comedy
200% Wolf,5.9,1.3K,1h 38m,Comedy
The Gentleman,7.9,96,1h 43m,Comedy
Desert Fiends,8.3,394,1h 46m,Comedy
Seize Them!,5.1,1.2K,1h 31m,Comedy
